"n.tips","q.rate","s","direction","rep","n0","n1","n.true.trans","n.discard","T.obs.01","T.obs.10","p.anccond.01","p.anccond.10","p.upper.01","p.lower.01","p.upper.10","p.lower.10","p.phyloglm","p.pgls"
50,0.1,1,-1,1,14,36,3,1,NA,NA,NA,NA,NA,NA,NA,NA,0.999581775268076,0.617189293755988
50,0.1,1,1,2,3,47,3,2,NA,NA,NA,NA,NA,NA,NA,NA,0.830846874264286,0.162702587750624
50,0.1,1,-1,3,8,42,1,0,NA,NA,NA,NA,NA,NA,NA,NA,0.997239958899651,0.890811425237654
50,0.1,1,-1,4,4,46,2,0,NA,NA,NA,NA,NA,NA,NA,NA,0.116793727000468,0.154064356953439
50,0.1,1,1,5,42,8,2,0,NA,NA,NA,NA,NA,NA,NA,NA,0.701189227255191,0.349299744619571
50,0.1,1,1,6,38,12,3,2,NA,NA,NA,NA,NA,NA,NA,NA,0.999765964214119,0.359846964890412
50,0.1,1,-1,7,12,38,3,0,NA,NA,NA,NA,NA,NA,NA,NA,0.999534669321874,0.85866475769803
50,0.1,1,1,8,33,17,1,0,NA,NA,NA,NA,NA,NA,NA,NA,0.999323750027741,0.515522466744835
50,0.1,1,-1,9,47,3,2,0,NA,NA,NA,NA,NA,NA,NA,NA,0.999767227393019,0.672566790019841
50,0.1,1,-1,10,4,46,2,0,NA,NA,NA,NA,NA,NA,NA,NA,0.999721116550265,0.564516140308263
50,0.1,1,1,11,8,42,2,0,NA,NA,NA,NA,NA,NA,NA,NA,0.999363325179388,0.543443266684062
50,0.1,1,1,12,47,3,3,1,NA,NA,NA,NA,NA,NA,NA,NA,0.509400471407699,0.934035680871526
50,0.1,1,-1,13,6,44,2,2,NA,NA,NA,NA,NA,NA,NA,NA,0.999967005245608,0.287582595655731
50,0.1,1,-1,14,46,4,3,0,NA,NA,NA,NA,NA,NA,NA,NA,0.992828577190029,0.65973139848708
50,0.1,1,-1,15,10,40,2,0,NA,NA,NA,NA,NA,NA,NA,NA,0.357140925884962,0.243767076449743
50,0.1,1,-1,16,46,4,1,0,NA,NA,NA,NA,NA,NA,NA,NA,0.999690676352097,0.688649645873255
50,0.1,1,1,17,9,41,2,1,NA,NA,NA,NA,NA,NA,NA,NA,0.999729918689509,0.644771049813443
50,0.1,1,1,18,41,9,1,0,NA,NA,NA,NA,NA,NA,NA,NA,0.999976067199241,0.557638478136644
50,0.1,1,-1,19,5,45,1,3,NA,NA,NA,NA,NA,NA,NA,NA,0.999948954783709,0.672670386925324
50,0.1,1,-1,20,44,6,5,1,NA,NA,NA,NA,NA,NA,NA,NA,0.277164381026506,0.0931843550960992
50,0.1,1,-1,21,44,6,2,0,NA,NA,NA,NA,NA,NA,NA,NA,0.991662961742578,0.561892642011562
50,0.1,1,1,22,40,10,2,0,NA,NA,NA,NA,NA,NA,NA,NA,0.996028758656524,0.423633272411169
50,0.1,1,-1,23,10,40,2,1,NA,NA,NA,NA,NA,NA,NA,NA,0.999237863738298,0.65950051680721
50,0.1,1,-1,24,34,16,3,0,NA,NA,NA,NA,NA,NA,NA,NA,0.99842976177641,0.934630935894659
50,0.1,1,1,25,17,33,1,1,NA,NA,NA,NA,NA,NA,NA,NA,0.00456686645505388,0.00476712650023454
50,0.1,1,-1,26,47,3,2,2,NA,NA,NA,NA,NA,NA,NA,NA,0.67814984997435,0.369553741211194
50,0.1,1,-1,27,9,41,3,0,NA,NA,NA,NA,NA,NA,NA,NA,0.999501813040185,0.636969436101637
50,0.1,1,-1,28,3,47,2,1,NA,NA,NA,NA,NA,NA,NA,NA,0.988435852902548,0.278603794382398
50,0.1,1,1,29,34,16,1,2,NA,NA,NA,NA,NA,NA,NA,NA,0.999564083397389,0.301953448353383
50,0.1,1,1,30,42,8,1,1,NA,NA,NA,NA,NA,NA,NA,NA,0.999183493046906,0.186697910201245
50,0.1,1,1,31,41,9,1,1,NA,NA,NA,NA,NA,NA,NA,NA,0.999937621329846,0.69310554342008
50,0.1,1,1,32,37,13,1,3,NA,NA,NA,NA,NA,NA,NA,NA,0.999400194961299,0.654238424479446
50,0.1,1,-1,33,46,4,2,5,NA,NA,NA,NA,NA,NA,NA,NA,0.999849554356999,0.923884284888651
50,0.1,1,-1,34,4,46,3,1,NA,NA,NA,NA,NA,NA,NA,NA,0.999525905706711,0.745067756187272
50,0.1,1,1,35,47,3,2,0,NA,NA,NA,NA,NA,NA,NA,NA,0.714635146723259,0.704085018227068
50,0.1,1,-1,36,14,36,4,2,NA,NA,NA,NA,NA,NA,NA,NA,0.999985618639844,0.79068249642847
50,0.1,1,-1,37,47,3,1,2,NA,NA,NA,NA,NA,NA,NA,NA,0.999851871244271,0.668250404398897
50,0.1,1,1,38,9,41,3,3,NA,NA,NA,NA,NA,NA,NA,NA,0.846538454100555,0.379562332540173
50,0.1,1,-1,39,3,47,2,3,NA,NA,NA,NA,NA,NA,NA,NA,0.999541799334706,0.657014714881453
50,0.1,1,1,40,3,47,3,1,NA,NA,NA,NA,NA,NA,NA,NA,0.0685854226643064,0.179317908474872
50,0.1,1,1,41,3,47,2,0,NA,NA,NA,NA,NA,NA,NA,NA,0.999912575091917,0.98708352134185
50,0.1,1,-1,42,35,15,3,0,NA,NA,NA,NA,NA,NA,NA,NA,0.999675339247248,0.99770940884909
50,0.1,1,-1,43,45,5,2,3,NA,NA,NA,NA,NA,NA,NA,NA,0.999606431671786,0.615420084305091
50,0.1,1,-1,44,23,27,1,1,NA,NA,NA,NA,NA,NA,NA,NA,0.999717713128936,0.751618316778318
50,0.1,1,1,45,47,3,2,0,NA,NA,NA,NA,NA,NA,NA,NA,0.592236601709601,0.166018582614116
50,0.1,1,1,46,40,10,2,0,NA,NA,NA,NA,NA,NA,NA,NA,0.999989619486426,0.465229702547009
50,0.1,1,-1,47,9,41,3,1,NA,NA,NA,NA,NA,NA,NA,NA,0.998388442513928,0.259931199400806
50,0.1,1,-1,48,4,46,3,1,NA,NA,NA,NA,NA,NA,NA,NA,0.862692980449164,0.832792880690092
50,0.1,1,-1,49,11,39,2,5,NA,NA,NA,NA,NA,NA,NA,NA,0.999846008055307,0.470656895504488
50,0.1,1,1,50,4,46,3,1,NA,NA,NA,NA,NA,NA,NA,NA,0.509543670508534,0.361537560037504
100,0.1,1,-1,1,92,8,5,0,NA,NA,NA,NA,NA,NA,NA,NA,0.82178674136501,0.137017798022613
100,0.1,1,-1,2,3,97,3,1,NA,NA,NA,NA,NA,NA,NA,NA,0.25885442525915,0.218163455006128
100,0.1,1,-1,3,75,25,5,0,NA,NA,NA,NA,NA,NA,NA,NA,0.998959448814451,0.842354968316489
100,0.1,1,1,4,33,67,2,0,NA,NA,NA,NA,NA,NA,NA,NA,0.99812696357442,0.476072329500746
100,0.1,1,1,5,7,93,2,0,NA,NA,NA,NA,NA,NA,NA,NA,0.99982330854836,0.189987207715099
100,0.1,1,-1,6,97,3,1,1,NA,NA,NA,NA,NA,NA,NA,NA,0.998650126076983,0.485318275201768
100,0.1,1,1,7,21,79,3,0,NA,NA,NA,NA,NA,NA,NA,NA,0.997500999866078,0.0169449045803002
100,0.1,1,1,8,28,72,2,0,NA,NA,NA,NA,NA,NA,NA,NA,0.99870621976953,0.159496515631443
100,0.1,1,-1,9,10,90,2,0,NA,NA,NA,NA,NA,NA,NA,NA,0.999976981461549,0.595605216117842
100,0.1,1,-1,10,93,7,3,0,NA,NA,NA,NA,NA,NA,NA,NA,0.999853631215112,0.100020774999876
100,0.1,1,-1,11,6,94,4,1,NA,NA,NA,NA,NA,NA,NA,NA,0.999870757184521,0.915611447764226
100,0.1,1,1,12,62,38,4,1,NA,NA,NA,NA,NA,NA,NA,NA,0.369744785450018,0.84780522167984
100,0.1,1,-1,13,9,91,2,0,NA,NA,NA,NA,NA,NA,NA,NA,0.999453808974239,0.719642779954463
100,0.1,1,-1,14,13,87,3,0,NA,NA,NA,NA,NA,NA,NA,NA,0.999958124566915,0.531366152223236
100,0.1,1,1,15,9,91,4,0,NA,NA,NA,NA,NA,NA,NA,NA,0.56456706242618,0.145418468692654
100,0.1,1,-1,16,97,3,3,2,NA,NA,NA,NA,NA,NA,NA,NA,0.0803181266246601,0.225675990499669
100,0.1,1,-1,17,97,3,1,0,NA,NA,NA,NA,NA,NA,NA,NA,1,0.227554845439642
100,0.1,1,-1,18,92,8,4,1,NA,NA,NA,NA,NA,NA,NA,NA,0.999481808154487,0.585358058936933
100,0.1,1,-1,19,5,95,4,0,NA,NA,NA,NA,NA,NA,NA,NA,0.432363582660256,0.408040359111439
100,0.1,1,-1,20,6,94,3,0,NA,NA,NA,NA,NA,NA,NA,NA,0.375551953681864,0.0435322387637053
100,0.1,1,-1,21,59,41,2,0,NA,NA,NA,NA,NA,NA,NA,NA,0.999544998566871,0.818158017682493
100,0.1,1,1,22,87,13,2,0,NA,NA,NA,NA,NA,NA,NA,NA,0.999645675033357,0.0313211961715194
100,0.1,1,1,23,11,89,2,0,NA,NA,NA,NA,NA,NA,NA,NA,0.998412071622072,0.0522086396022472
100,0.1,1,-1,24,7,93,4,2,NA,NA,NA,NA,NA,NA,NA,NA,0.942476134908897,0.0217130057791345
100,0.1,1,-1,25,84,16,2,1,NA,NA,NA,NA,NA,NA,NA,NA,0.999807179070984,0.978949803294002
100,0.1,1,1,26,8,92,5,0,NA,NA,NA,NA,NA,NA,NA,NA,0.999234051103132,0.46769573887092
100,0.1,1,1,27,93,7,3,0,NA,NA,NA,NA,NA,NA,NA,NA,0.993742667240869,0.90284116271753
100,0.1,1,1,28,97,3,2,0,NA,NA,NA,NA,NA,NA,NA,NA,0.775757470446513,0.512543493452893
100,0.1,1,1,29,6,94,3,0,NA,NA,NA,NA,NA,NA,NA,NA,0.99950556355217,0.427666971226954
100,0.1,1,1,30,97,3,3,2,NA,NA,NA,NA,NA,NA,NA,NA,0.996412427696197,0.129478101788099
100,0.1,1,1,31,7,93,4,0,NA,NA,NA,NA,NA,NA,NA,NA,0.154277452504453,0.0222273881220864
100,0.1,1,-1,32,4,96,4,1,NA,NA,NA,NA,NA,NA,NA,NA,0.878531787550119,0.276137543616572
100,0.1,1,-1,33,5,95,3,0,NA,NA,NA,NA,NA,NA,NA,NA,0.705889892372195,0.962410894709183
100,0.1,1,1,34,15,85,2,0,NA,NA,NA,NA,NA,NA,NA,NA,0.999023359316675,0.275602554802692
100,0.1,1,-1,35,95,5,3,0,NA,NA,NA,NA,NA,NA,NA,NA,0.999885982940863,0.746212728720075
100,0.1,1,1,36,16,84,3,1,NA,NA,NA,NA,NA,NA,NA,NA,0.998824391564504,0.261421544363337
100,0.1,1,1,37,7,93,3,3,NA,NA,NA,NA,NA,NA,NA,NA,0.772340674724498,0.606888213971117
100,0.1,1,1,38,20,80,3,1,NA,NA,NA,NA,NA,NA,NA,NA,0.998392197364133,0.0903678261057549
100,0.1,1,1,39,9,91,3,2,NA,NA,NA,NA,NA,NA,NA,NA,0.999692961796847,0.974596638481026
100,0.1,1,1,40,96,4,3,0,NA,NA,NA,NA,NA,NA,NA,NA,0.999986730881272,0.485558126644543
100,0.1,1,1,41,14,86,6,1,NA,NA,NA,NA,NA,NA,NA,NA,0.997942975593794,0.687984007059659
100,0.1,1,-1,42,6,94,2,0,NA,NA,NA,NA,NA,NA,NA,NA,0.997760771568845,0.403503438709935
100,0.1,1,-1,43,4,96,2,0,NA,NA,NA,NA,NA,NA,NA,NA,0.999732589909429,0.496216414395553
100,0.1,1,1,44,94,6,2,0,NA,NA,NA,NA,NA,NA,NA,NA,0.997340093717112,0.947964267132317
100,0.1,1,-1,45,7,93,2,0,NA,NA,NA,NA,NA,NA,NA,NA,0.998723649079426,0.929808671775683
100,0.1,1,-1,46,8,92,4,0,NA,NA,NA,NA,NA,NA,NA,NA,0.86665038239732,0.201338220178114
100,0.1,1,-1,47,96,4,2,0,NA,NA,NA,NA,NA,NA,NA,NA,0.999850867951472,0.527241508957348
100,0.1,1,1,48,92,8,4,2,NA,NA,NA,NA,NA,NA,NA,NA,0.947262724044646,0.688063477319024
100,0.1,1,-1,49,62,38,2,0,NA,NA,NA,NA,NA,NA,NA,NA,0.996785298432751,0.0747370103228309
100,0.1,1,-1,50,4,96,3,0,NA,NA,NA,NA,NA,NA,NA,NA,0.346994292226211,0.902208093137341
50,0.5,1,1,1,35,15,8,0,NA,NA,NA,NA,NA,NA,NA,NA,0.591070331637883,0.631150159340184
50,0.5,1,1,2,8,42,6,0,NA,NA,NA,NA,NA,NA,NA,NA,0.441504561655097,0.788201825758063
50,0.5,1,-1,3,8,42,3,1,NA,NA,NA,NA,NA,NA,NA,NA,0.998765096107164,0.073154739052405
50,0.5,1,-1,4,42,8,12,0,NA,NA,NA,NA,NA,NA,NA,NA,0.985038919779409,0.93390581302396
50,0.5,1,1,5,5,45,7,0,NA,NA,NA,NA,NA,NA,NA,NA,0.508353725553754,0.426818857525855
50,0.5,1,1,6,28,22,12,0,NA,NA,NA,NA,NA,NA,NA,NA,0.555353883801376,0.605679994742228
50,0.5,1,-1,7,11,39,8,0,NA,NA,NA,NA,NA,NA,NA,NA,0.575532066383723,0.349888990424836
50,0.5,1,1,8,17,33,6,0,NA,NA,NA,NA,NA,NA,NA,NA,0.987508127716385,0.715461884863299
50,0.5,1,-1,9,41,9,6,0,NA,NA,NA,NA,NA,NA,NA,NA,0.999844074009641,0.0598460173629916
50,0.5,1,1,10,9,41,4,0,NA,NA,NA,NA,NA,NA,NA,NA,0.997857027881616,0.810497087258046
50,0.5,1,1,11,10,40,4,0,NA,NA,NA,NA,NA,NA,NA,NA,0.0362358837770724,0.0522938881270897
50,0.5,1,-1,12,12,38,7,0,NA,NA,NA,NA,NA,NA,NA,NA,0.99999239109684,0.526431544544586
50,0.5,1,-1,13,26,24,10,0,NA,NA,NA,NA,NA,NA,NA,NA,0.996884526137504,0.852755122303455
50,0.5,1,-1,14,24,26,6,0,NA,NA,NA,NA,NA,NA,NA,NA,0.99886687675849,0.298858227928573
50,0.5,1,-1,15,39,11,9,0,NA,NA,NA,NA,NA,NA,NA,NA,0.409211653430592,0.455157222710427
50,0.5,1,-1,16,7,43,6,1,NA,NA,NA,NA,NA,NA,NA,NA,0.999775910832614,0.872303878797159
50,0.5,1,-1,17,43,7,6,0,NA,NA,NA,NA,NA,NA,NA,NA,0.636720279114077,0.935075620458503
50,0.5,1,-1,18,9,41,5,0,NA,NA,NA,NA,NA,NA,NA,NA,0.999970740452581,0.185148221431613
50,0.5,1,1,19,25,25,3,0,NA,NA,NA,NA,NA,NA,NA,NA,0.957812217913334,0.366315235034187
50,0.5,1,1,20,26,24,11,0,NA,NA,NA,NA,NA,NA,NA,NA,0.998947637969839,0.940042892891932
50,0.5,1,-1,21,10,40,9,0,NA,NA,NA,NA,NA,NA,NA,NA,0.997157783875008,0.875323377853782
50,0.5,1,1,22,40,10,6,0,NA,NA,NA,NA,NA,NA,NA,NA,0.797802300255615,0.792257288108416
50,0.5,1,1,23,44,6,5,0,NA,NA,NA,NA,NA,NA,NA,NA,0.546669823151185,0.0652011353753943
50,0.5,1,-1,24,12,38,4,0,NA,NA,NA,NA,NA,NA,NA,NA,0.906438849886214,0.595166396837916
50,0.5,1,-1,25,36,14,8,0,NA,NA,NA,NA,NA,NA,NA,NA,0.998833192914012,0.225746275564728
50,0.5,1,1,26,10,40,6,0,NA,NA,NA,NA,NA,NA,NA,NA,0.99967972986162,0.344567050478698
50,0.5,1,-1,27,18,32,11,0,NA,NA,NA,NA,NA,NA,NA,NA,0.998818569484436,0.295494430103966
50,0.5,1,1,28,40,10,11,0,NA,NA,NA,NA,NA,NA,NA,NA,0.777031195119751,0.990275100718288
50,0.5,1,1,29,39,11,4,0,NA,NA,NA,NA,NA,NA,NA,NA,0.999758294087433,0.679244983793664
50,0.5,1,1,30,18,32,7,0,NA,NA,NA,NA,NA,NA,NA,NA,0.999088331170856,0.564292673218597
50,0.5,1,-1,31,6,44,14,0,NA,NA,NA,NA,NA,NA,NA,NA,0.998706857259935,0.273331532501294
50,0.5,1,-1,32,41,9,1,0,NA,NA,NA,NA,NA,NA,NA,NA,0.998976130760269,0.111540906753626
50,0.5,1,1,33,7,43,11,0,NA,NA,NA,NA,NA,NA,NA,NA,0.689019567802941,0.254714194086615
50,0.5,1,1,34,25,25,12,0,NA,NA,NA,NA,NA,NA,NA,NA,0.999506104872945,0.344455951463427
50,0.5,1,-1,35,36,14,8,0,NA,NA,NA,NA,NA,NA,NA,NA,0.999964858165915,0.514288319766159
50,0.5,1,-1,36,37,13,8,0,NA,NA,NA,NA,NA,NA,NA,NA,0.999150633093454,0.40738743897973
50,0.5,1,-1,37,37,13,8,0,NA,NA,NA,NA,NA,NA,NA,NA,0.998778879801559,0.132871840839331
50,0.5,1,1,38,24,26,9,0,NA,NA,NA,NA,NA,NA,NA,NA,0.74811402976243,0.398715204080962
50,0.5,1,-1,39,30,20,7,0,NA,NA,NA,NA,NA,NA,NA,NA,0.221699588237973,0.279592909912726
50,0.5,1,-1,40,15,35,10,0,NA,NA,NA,NA,NA,NA,NA,NA,0.428344805056488,0.211367792805711
50,0.5,1,-1,41,25,25,11,0,NA,NA,NA,NA,NA,NA,NA,NA,0.999955711205216,0.460002510523344
50,0.5,1,-1,42,28,22,3,0,NA,NA,NA,NA,NA,NA,NA,NA,0.999063477743177,0.70976462596471
50,0.5,1,-1,43,37,13,9,0,NA,NA,NA,NA,NA,NA,NA,NA,0.999279090924018,0.659621135324696
50,0.5,1,1,44,33,17,9,0,NA,NA,NA,NA,NA,NA,NA,NA,0.0817126680435042,0.0860983769893737
50,0.5,1,-1,45,13,37,6,0,NA,NA,NA,NA,NA,NA,NA,NA,0.922263466788521,0.440425453445099
50,0.5,1,-1,46,35,15,8,0,NA,NA,NA,NA,NA,NA,NA,NA,0.0078144439820502,0.130359095659502
50,0.5,1,-1,47,37,13,6,0,NA,NA,NA,NA,NA,NA,NA,NA,0.999395183383762,0.443089714084571
50,0.5,1,-1,48,29,21,10,0,NA,NA,NA,NA,NA,NA,NA,NA,0.0790492129677134,0.0532235667547942
50,0.5,1,-1,49,44,6,4,0,NA,NA,NA,NA,NA,NA,NA,NA,0.44533125453971,0.0570504512350502
50,0.5,1,-1,50,28,22,6,0,NA,NA,NA,NA,NA,NA,NA,NA,0.999252146041875,0.209114367267683
100,0.5,1,1,1,46,54,16,0,NA,NA,NA,NA,NA,NA,NA,NA,0.99938594041893,0.0777541781637499
100,0.5,1,-1,2,46,54,20,0,NA,NA,NA,NA,NA,NA,NA,NA,0.99956551019064,0.27364624332284
100,0.5,1,-1,3,8,92,9,0,NA,NA,NA,NA,NA,NA,NA,NA,0.173202114253848,0.519480965319362
100,0.5,1,1,4,83,17,14,0,NA,NA,NA,NA,NA,NA,NA,NA,0.992964986736617,0.488404284271391
100,0.5,1,-1,5,16,84,9,0,NA,NA,NA,NA,NA,NA,NA,NA,0.99811479295496,0.752962313411474
100,0.5,1,-1,6,87,13,11,0,NA,NA,NA,NA,NA,NA,NA,NA,0.998419374058421,0.410990798327096
100,0.5,1,1,7,13,87,6,0,NA,NA,NA,NA,NA,NA,NA,NA,0.867658183055356,0.0153998427509826
100,0.5,1,1,8,44,56,6,0,NA,NA,NA,NA,NA,NA,NA,NA,0.998557273512554,0.730673544627503
100,0.5,1,-1,9,88,12,9,0,NA,NA,NA,NA,NA,NA,NA,NA,0.5206231267093,0.607278938470562
100,0.5,1,-1,10,29,71,11,0,NA,NA,NA,NA,NA,NA,NA,NA,0.99917720516028,0.979369094109063
100,0.5,1,1,11,8,92,4,0,NA,NA,NA,NA,NA,NA,NA,NA,0.297010903088075,0.221629476987181
100,0.5,1,1,12,68,32,9,0,NA,NA,NA,NA,NA,NA,NA,NA,0.99526012985748,0.278799384403488
100,0.5,1,-1,13,80,20,17,0,NA,NA,NA,NA,NA,NA,NA,NA,0.999597326467571,0.399203464849667
100,0.5,1,-1,14,13,87,12,0,NA,NA,NA,NA,NA,NA,NA,NA,0.828389842322212,0.539277590801023
100,0.5,1,-1,15,68,32,13,0,NA,NA,NA,NA,NA,NA,NA,NA,0.99964583403937,0.840747430298598
100,0.5,1,-1,16,28,72,9,0,NA,NA,NA,NA,NA,NA,NA,NA,0.999183696006353,0.61107831679369
100,0.5,1,-1,17,25,75,19,0,NA,NA,NA,NA,NA,NA,NA,NA,0.788513940767467,0.690666851759738
100,0.5,1,-1,18,9,91,5,0,NA,NA,NA,NA,NA,NA,NA,NA,0.323240548348256,0.220155075176051
100,0.5,1,-1,19,30,70,12,0,NA,NA,NA,NA,NA,NA,NA,NA,0.998597971118435,0.929525041745668
100,0.5,1,1,20,63,37,9,0,NA,NA,NA,NA,NA,NA,NA,NA,0.392144692734389,0.907531642882329
100,0.5,1,1,21,16,84,10,0,NA,NA,NA,NA,NA,NA,NA,NA,0.479452297079589,0.389450270648969
100,0.5,1,-1,22,30,70,18,0,NA,NA,NA,NA,NA,NA,NA,NA,0.804828860719779,0.31376143736205
100,0.5,1,1,23,81,19,13,0,NA,NA,NA,NA,NA,NA,NA,NA,0.817107780322686,0.720514272524214
100,0.5,1,-1,24,71,29,16,0,NA,NA,NA,NA,NA,NA,NA,NA,0.998093926896709,0.630617199340542
100,0.5,1,1,25,85,15,11,0,NA,NA,NA,NA,NA,NA,NA,NA,0.999880428468974,0.645092747322582
100,0.5,1,-1,26,81,19,12,0,NA,NA,NA,NA,NA,NA,NA,NA,0.999987351427567,0.765021159005679
100,0.5,1,1,27,15,85,17,0,NA,NA,NA,NA,NA,NA,NA,NA,0.717881958269353,0.93176254388141
100,0.5,1,1,28,28,72,17,0,NA,NA,NA,NA,NA,NA,NA,NA,0.674462456219939,0.0381320768974511
100,0.5,1,1,29,10,90,7,0,NA,NA,NA,NA,NA,NA,NA,NA,0.999579283053257,0.996116231222973
100,0.5,1,1,30,90,10,9,0,NA,NA,NA,NA,NA,NA,NA,NA,0.998460823796544,0.668855157435125
100,0.5,1,-1,31,69,31,19,0,NA,NA,NA,NA,NA,NA,NA,NA,0.547029572984764,0.245938848812201
100,0.5,1,-1,32,64,36,9,0,NA,NA,NA,NA,NA,NA,NA,NA,0.999142686476213,0.638921856600577
100,0.5,1,-1,33,52,48,13,0,NA,NA,NA,NA,NA,NA,NA,NA,0.997690269152361,0.193976827229163
100,0.5,1,1,34,87,13,8,0,NA,NA,NA,NA,NA,NA,NA,NA,0.345628767775751,0.603246594561224
100,0.5,1,-1,35,74,26,14,0,NA,NA,NA,NA,NA,NA,NA,NA,0.761068317143493,0.116074807926207
100,0.5,1,-1,36,14,86,7,0,NA,NA,NA,NA,NA,NA,NA,NA,0.998935742435293,0.620237890064775
100,0.5,1,-1,37,54,46,18,0,NA,NA,NA,NA,NA,NA,NA,NA,0.999489746100462,0.00368926238722163
100,0.5,1,1,38,80,20,21,0,NA,NA,NA,NA,NA,NA,NA,NA,0.652028138357588,0.239529745751164
100,0.5,1,-1,39,79,21,9,0,NA,NA,NA,NA,NA,NA,NA,NA,0.976205890017048,0.376815990078044
100,0.5,1,1,40,16,84,12,0,NA,NA,NA,NA,NA,NA,NA,NA,0.99835383089749,0.333020759673545
100,0.5,1,-1,41,32,68,16,0,NA,NA,NA,NA,NA,NA,NA,NA,0.0998902809378432,0.298459094780348
100,0.5,1,1,42,34,66,11,0,NA,NA,NA,NA,NA,NA,NA,NA,0.991285939877412,0.810663959776643
100,0.5,1,1,43,64,36,12,0,NA,NA,NA,NA,NA,NA,NA,NA,0.923755634157096,0.316101326997195
100,0.5,1,1,44,79,21,14,0,NA,NA,NA,NA,NA,NA,NA,NA,0.999252655751309,0.285459543071973
100,0.5,1,-1,45,46,54,14,0,NA,NA,NA,NA,NA,NA,NA,NA,0.999827088049758,0.840498694263961
100,0.5,1,1,46,77,23,20,0,NA,NA,NA,NA,NA,NA,NA,NA,0.998582099467459,0.0194676270384427
100,0.5,1,-1,47,67,33,11,0,NA,NA,NA,NA,NA,NA,NA,NA,0.999867471422434,0.911245851779056
100,0.5,1,1,48,53,47,16,0,NA,NA,NA,NA,NA,NA,NA,NA,0.836310433309613,0.619345099777276
100,0.5,1,-1,49,21,79,11,0,NA,NA,NA,NA,NA,NA,NA,NA,0.997985806506979,0.725358809681667
100,0.5,1,-1,50,74,26,11,0,NA,NA,NA,NA,NA,NA,NA,NA,0.998840369913214,0.494521620592013
50,0.1,2,1,1,47,3,1,1,NA,NA,NA,NA,NA,NA,NA,NA,0.999712589174598,0.526294336079635
50,0.1,2,1,2,38,12,2,0,NA,NA,NA,NA,NA,NA,NA,NA,0.999670401356674,0.529974263239939
50,0.1,2,-1,3,44,6,1,0,NA,NA,NA,NA,NA,NA,NA,NA,1,0.200736781381374
50,0.1,2,-1,4,46,4,1,2,NA,NA,NA,NA,NA,NA,NA,NA,0.999108984069868,0.446298791365299
50,0.1,2,1,5,46,4,2,1,NA,NA,NA,NA,NA,NA,NA,NA,0.767884585161919,0.356931892349466
50,0.1,2,-1,6,6,44,5,1,NA,NA,NA,NA,NA,NA,NA,NA,0.993955582161633,0.921035794565475
50,0.1,2,-1,7,5,45,5,0,NA,NA,NA,NA,NA,NA,NA,NA,0.998705447881359,0.84701441770383
50,0.1,2,1,8,13,37,1,3,NA,NA,NA,NA,NA,NA,NA,NA,0.997664104162657,0.608160621902397
50,0.1,2,-1,9,9,41,2,0,NA,NA,NA,NA,NA,NA,NA,NA,0.99827319943528,0.264173785364613
50,0.1,2,1,10,4,46,3,0,NA,NA,NA,NA,NA,NA,NA,NA,0.377088034021362,0.27400680679671
50,0.1,2,1,11,11,39,3,2,NA,NA,NA,NA,NA,NA,NA,NA,0.999053627294297,0.762207753392754
50,0.1,2,1,12,7,43,2,0,NA,NA,NA,NA,NA,NA,NA,NA,0.999198388530475,0.514175362255711
50,0.1,2,1,13,11,39,1,0,NA,NA,NA,NA,NA,NA,NA,NA,0.999602598734334,0.781175909495743
50,0.1,2,1,14,45,5,2,0,NA,NA,NA,NA,NA,NA,NA,NA,0.999913498351178,0.0525304912710372
50,0.1,2,-1,15,8,42,3,6,NA,NA,NA,NA,NA,NA,NA,NA,0.998105644316893,0.765934185830544
50,0.1,2,-1,16,45,5,2,0,NA,NA,NA,NA,NA,NA,NA,NA,0.999613912685358,0.435983700882703
50,0.1,2,1,17,7,43,2,1,NA,NA,NA,NA,NA,NA,NA,NA,0.929366954304896,0.835630990164626
50,0.1,2,-1,18,9,41,2,0,NA,NA,NA,NA,NA,NA,NA,NA,0.999707426178943,0.227333428349649
50,0.1,2,1,19,5,45,1,0,NA,NA,NA,NA,NA,NA,NA,NA,0.999647483954364,0.926266844928788
50,0.1,2,1,20,39,11,3,2,NA,NA,NA,NA,NA,NA,NA,NA,0.999932054954876,0.894358541947075
50,0.1,2,1,21,42,8,3,1,NA,NA,NA,NA,NA,NA,NA,NA,0.999397791836159,0.307343863868206
50,0.1,2,-1,22,47,3,3,0,NA,NA,NA,NA,NA,NA,NA,NA,0.998259007864521,0.483787730616955
50,0.1,2,-1,23,43,7,3,0,NA,NA,NA,NA,NA,NA,NA,NA,0.97903736147102,0.632640194182292
50,0.1,2,-1,24,40,10,2,2,NA,NA,NA,NA,NA,NA,NA,NA,0.999649116679505,0.715083333015272
50,0.1,2,1,25,17,33,3,3,NA,NA,NA,NA,NA,NA,NA,NA,0.183289814507683,0.555269722393814
50,0.1,2,-1,26,9,41,5,1,NA,NA,NA,NA,NA,NA,NA,NA,0.995825366592082,0.184782853394653
50,0.1,2,1,27,44,6,1,4,NA,NA,NA,NA,NA,NA,NA,NA,0.26294325900651,0.0867562353862399
50,0.1,2,1,28,47,3,2,2,NA,NA,NA,NA,NA,NA,NA,NA,0.0248376676580701,0.134901331293148
50,0.1,2,-1,29,47,3,1,3,NA,NA,NA,NA,NA,NA,NA,NA,0.999916460527221,0.509069054648372
50,0.1,2,1,30,42,8,2,0,NA,NA,NA,NA,NA,NA,NA,NA,0.999959122714168,0.570865139260267
50,0.1,2,1,31,13,37,3,0,NA,NA,NA,NA,NA,NA,NA,NA,0.99894838871074,0.549036974099916
50,0.1,2,1,32,3,47,2,2,NA,NA,NA,NA,NA,NA,NA,NA,0.131513846598969,0.0436420541679841
50,0.1,2,1,33,19,31,2,5,NA,NA,NA,NA,NA,NA,NA,NA,0.999529363386529,0.300831960358007
50,0.1,2,-1,34,6,44,3,0,NA,NA,NA,NA,NA,NA,NA,NA,0.747447860890269,0.486177780450253
50,0.1,2,1,35,41,9,3,0,NA,NA,NA,NA,NA,NA,NA,NA,0.738587421450074,0.923481759979814
50,0.1,2,1,36,47,3,1,0,NA,NA,NA,NA,NA,NA,NA,NA,0.999472581408383,0.140236620790416
50,0.1,2,1,37,38,12,4,0,NA,NA,NA,NA,NA,NA,NA,NA,0.000698082665039268,0.000946102949290987
50,0.1,2,1,38,10,40,1,1,NA,NA,NA,NA,NA,NA,NA,NA,0.999961216108944,0.669933101183455
50,0.1,2,-1,39,47,3,1,3,NA,NA,NA,NA,NA,NA,NA,NA,0.999166837225719,0.151340631213972
50,0.1,2,-1,40,18,32,2,1,NA,NA,NA,NA,NA,NA,NA,NA,0.999898216851813,0.701498313971871
50,0.1,2,-1,41,47,3,3,1,NA,NA,NA,NA,NA,NA,NA,NA,0.370008966137875,0.307001521609366
50,0.1,2,-1,42,12,38,4,1,NA,NA,NA,NA,NA,NA,NA,NA,0.951621046195677,0.0215116686087639
50,0.1,2,-1,43,45,5,2,1,NA,NA,NA,NA,NA,NA,NA,NA,0.478518958403051,0.750390973046068
50,0.1,2,-1,44,13,37,5,0,NA,NA,NA,NA,NA,NA,NA,NA,0.999073799221989,0.335019096101854
50,0.1,2,1,45,16,34,3,0,NA,NA,NA,NA,NA,NA,NA,NA,0.999058489113754,0.97614617197578
50,0.1,2,1,46,6,44,2,0,NA,NA,NA,NA,NA,NA,NA,NA,0.998863045740497,0.850662220003536
50,0.1,2,-1,47,3,47,3,2,NA,NA,NA,NA,NA,NA,NA,NA,0.161830956623819,0.0912681553470218
50,0.1,2,-1,48,47,3,2,3,NA,NA,NA,NA,NA,NA,NA,NA,0.158776310094288,0.342005861849431
50,0.1,2,-1,49,19,31,3,0,NA,NA,NA,NA,NA,NA,NA,NA,0.829739869608588,0.550159020282807
50,0.1,2,-1,50,47,3,1,2,NA,NA,NA,NA,NA,NA,NA,NA,0.999265865049835,0.341789078704591
100,0.1,2,1,1,97,3,4,0,NA,NA,NA,NA,NA,NA,NA,NA,0.611375717243861,0.592388502805083
100,0.1,2,1,2,4,96,2,0,NA,NA,NA,NA,NA,NA,NA,NA,0.999983900153269,0.878943333708369
100,0.1,2,-1,3,95,5,7,0,NA,NA,NA,NA,NA,NA,NA,NA,0.233638787211414,0.936645084001022
100,0.1,2,-1,4,95,5,4,1,NA,NA,NA,NA,NA,NA,NA,NA,0.269889210283443,0.0146778287811348
100,0.1,2,1,5,96,4,4,1,NA,NA,NA,NA,NA,NA,NA,NA,0.059279647832748,0.081468922308375
100,0.1,2,-1,6,93,7,4,0,NA,NA,NA,NA,NA,NA,NA,NA,0.450424243168207,0.211165730857975
100,0.1,2,1,7,9,91,2,0,NA,NA,NA,NA,NA,NA,NA,NA,0.999549114159303,0.982986545480254
100,0.1,2,-1,8,95,5,4,0,NA,NA,NA,NA,NA,NA,NA,NA,0.309177112049619,0.922277985012922
100,0.1,2,1,9,4,96,3,1,NA,NA,NA,NA,NA,NA,NA,NA,0.999998620234013,0.572346654183052
100,0.1,2,-1,10,86,14,3,0,NA,NA,NA,NA,NA,NA,NA,NA,0.998599949423773,0.832222077061312
100,0.1,2,-1,11,4,96,2,2,NA,NA,NA,NA,NA,NA,NA,NA,0.99984631738262,0.12923340747171
100,0.1,2,1,12,97,3,2,2,NA,NA,NA,NA,NA,NA,NA,NA,0.99998910700899,0.866024403582962
100,0.1,2,-1,13,5,95,4,1,NA,NA,NA,NA,NA,NA,NA,NA,0.632439893783962,0.182777605961048
100,0.1,2,1,14,7,93,3,0,NA,NA,NA,NA,NA,NA,NA,NA,0.999383787510438,0.254243394530312
100,0.1,2,1,15,97,3,3,0,NA,NA,NA,NA,NA,NA,NA,NA,0.0635617062112143,0.925595993440432
100,0.1,2,-1,16,3,97,3,2,NA,NA,NA,NA,NA,NA,NA,NA,0.999107076219791,0.8606230689837
100,0.1,2,-1,17,63,37,4,2,NA,NA,NA,NA,NA,NA,NA,NA,0.996657128762392,0.369964105653849
100,0.1,2,-1,18,12,88,2,0,NA,NA,NA,NA,NA,NA,NA,NA,0.998966857103642,0.783020187013538
100,0.1,2,1,19,92,8,4,0,NA,NA,NA,NA,NA,NA,NA,NA,0.99972790468284,0.149366600624107
100,0.1,2,-1,20,4,96,1,1,NA,NA,NA,NA,NA,NA,NA,NA,0.999956039817124,0.199441142909439
100,0.1,2,1,21,5,95,3,0,NA,NA,NA,NA,NA,NA,NA,NA,0.657340815761345,0.601482823246398
100,0.1,2,-1,22,21,79,1,0,NA,NA,NA,NA,NA,NA,NA,NA,0.999993271721496,0.0247253404784814
100,0.1,2,1,23,89,11,4,0,NA,NA,NA,NA,NA,NA,NA,NA,0.999258487646914,0.696598412084199
100,0.1,2,-1,24,11,89,4,1,NA,NA,NA,NA,NA,NA,NA,NA,0.999540124512875,0.622624557889382
100,0.1,2,-1,25,93,7,3,0,NA,NA,NA,NA,NA,NA,NA,NA,0.00594565319760178,0.051118059719995
100,0.1,2,-1,26,14,86,5,0,NA,NA,NA,NA,NA,NA,NA,NA,0.967270025804363,0.983619687143835
100,0.1,2,-1,27,75,25,2,0,NA,NA,NA,NA,NA,NA,NA,NA,0.996906148834181,0.542589396956077
100,0.1,2,1,28,6,94,5,0,NA,NA,NA,NA,NA,NA,NA,NA,0.230047360656237,0.378870089847644
100,0.1,2,1,29,91,9,2,0,NA,NA,NA,NA,NA,NA,NA,NA,0.999954739469181,0.685346062065768
100,0.1,2,-1,30,3,97,2,0,NA,NA,NA,NA,NA,NA,NA,NA,0.998411579566521,0.231647962346812
100,0.1,2,1,31,5,95,5,0,NA,NA,NA,NA,NA,NA,NA,NA,0.458690324157614,0.489306323716324
100,0.1,2,-1,32,4,96,3,0,NA,NA,NA,NA,NA,NA,NA,NA,0.998752603643691,0.876564324772424
100,0.1,2,1,33,91,9,6,2,NA,NA,NA,NA,NA,NA,NA,NA,0.997697917684876,0.987255465475314
100,0.1,2,-1,34,88,12,6,0,NA,NA,NA,NA,NA,NA,NA,NA,0.9984395623944,0.510558750248196
100,0.1,2,-1,35,6,94,5,0,NA,NA,NA,NA,NA,NA,NA,NA,0.428074420138854,0.366305799587029
100,0.1,2,1,36,96,4,2,2,NA,NA,NA,NA,NA,NA,NA,NA,0.0135061303484718,0.0801318342555816
100,0.1,2,1,37,46,54,4,0,NA,NA,NA,NA,NA,NA,NA,NA,0.736050562583312,0.240511282148242
100,0.1,2,-1,38,89,11,3,0,NA,NA,NA,NA,NA,NA,NA,NA,0.995842438731529,0.0433254338741683
100,0.1,2,-1,39,8,92,4,0,NA,NA,NA,NA,NA,NA,NA,NA,0.999680203519541,0.921491636937833
100,0.1,2,-1,40,15,85,1,0,NA,NA,NA,NA,NA,NA,NA,NA,0.999422165301876,0.651110386805833
100,0.1,2,-1,41,97,3,2,0,NA,NA,NA,NA,NA,NA,NA,NA,0.999829623201164,0.457926518185588
100,0.1,2,1,42,8,92,5,1,NA,NA,NA,NA,NA,NA,NA,NA,0.999871144976837,0.917714383147902
100,0.1,2,-1,43,5,95,2,0,NA,NA,NA,NA,NA,NA,NA,NA,0.999770670574229,0.599029676823741
100,0.1,2,1,44,8,92,1,1,NA,NA,NA,NA,NA,NA,NA,NA,0.997703027720379,0.778300957519608
100,0.1,2,1,45,5,95,2,1,NA,NA,NA,NA,NA,NA,NA,NA,0.995604926405978,0.230580392436475
100,0.1,2,-1,46,97,3,2,0,NA,NA,NA,NA,NA,NA,NA,NA,0.999999905716603,0.354691902984649
100,0.1,2,-1,47,92,8,2,1,NA,NA,NA,NA,NA,NA,NA,NA,0.999987454975032,0.392308045936369
100,0.1,2,1,48,93,7,5,0,NA,NA,NA,NA,NA,NA,NA,NA,0.894812386250216,0.487266758299596
100,0.1,2,1,49,4,96,3,0,NA,NA,NA,NA,NA,NA,NA,NA,0.0372303771242418,0.157728690400548
100,0.1,2,1,50,92,8,1,1,NA,NA,NA,NA,NA,NA,NA,NA,0.997189403889664,0.660968318429254
50,0.5,2,1,1,30,20,10,0,NA,NA,NA,NA,NA,NA,NA,NA,0.483096829170896,0.848164894108223
50,0.5,2,1,2,18,32,8,0,NA,NA,NA,NA,NA,NA,NA,NA,0.325036361883063,0.391776716858682
50,0.5,2,-1,3,28,22,10,0,NA,NA,NA,NA,NA,NA,NA,NA,0.999284639081017,0.103967799498813
50,0.5,2,1,4,36,14,22,0,NA,NA,NA,NA,NA,NA,NA,NA,0.950550106173222,0.0721879830794301
50,0.5,2,1,5,43,7,7,0,NA,NA,NA,NA,NA,NA,NA,NA,0.85625065682322,0.0412576020768566
50,0.5,2,-1,6,26,24,8,0,NA,NA,NA,NA,NA,NA,NA,NA,0.999171432369061,0.0229859164471211
50,0.5,2,-1,7,29,21,11,0,NA,NA,NA,NA,NA,NA,NA,NA,0.718523071868677,0.0288422551117159
50,0.5,2,1,8,23,27,13,0,NA,NA,NA,NA,NA,NA,NA,NA,0.563695822049867,0.0448679326691573
50,0.5,2,-1,9,24,26,6,0,NA,NA,NA,NA,NA,NA,NA,NA,0.146996179643964,0.612458100440082
50,0.5,2,-1,10,6,44,5,0,NA,NA,NA,NA,NA,NA,NA,NA,0.998883092492755,0.587485679752239
50,0.5,2,1,11,19,31,5,0,NA,NA,NA,NA,NA,NA,NA,NA,0.999924701774936,0.768113476086099
50,0.5,2,-1,12,8,42,5,0,NA,NA,NA,NA,NA,NA,NA,NA,0.459786766845605,0.641267702226704
50,0.5,2,-1,13,12,38,10,0,NA,NA,NA,NA,NA,NA,NA,NA,0.086566634061548,0.0467355315030868
50,0.5,2,-1,14,43,7,7,0,NA,NA,NA,NA,NA,NA,NA,NA,0.0523615742636777,0.339483627181612
50,0.5,2,1,15,26,24,11,0,NA,NA,NA,NA,NA,NA,NA,NA,0.999101628990525,0.34002750211687
50,0.5,2,-1,16,19,31,14,0,NA,NA,NA,NA,NA,NA,NA,NA,0.164369906085529,0.820553726902165
50,0.5,2,1,17,41,9,9,0,NA,NA,NA,NA,NA,NA,NA,NA,0.999747397267245,0.681832538804516
50,0.5,2,1,18,15,35,7,0,NA,NA,NA,NA,NA,NA,NA,NA,0.999584425391173,0.67155877217539
50,0.5,2,-1,19,11,39,7,0,NA,NA,NA,NA,NA,NA,NA,NA,0.998821773554588,0.661245609815288
50,0.5,2,1,20,33,17,13,0,NA,NA,NA,NA,NA,NA,NA,NA,0.252703704038263,0.921209287670057
50,0.5,2,1,21,33,17,8,0,NA,NA,NA,NA,NA,NA,NA,NA,0.912385629929849,0.079963590769062
50,0.5,2,-1,22,21,29,9,0,NA,NA,NA,NA,NA,NA,NA,NA,0.25036227888512,0.0500779863507135
50,0.5,2,-1,23,9,41,6,0,NA,NA,NA,NA,NA,NA,NA,NA,0.997067648642681,0.622837998646612
50,0.5,2,1,24,19,31,5,0,NA,NA,NA,NA,NA,NA,NA,NA,0.998567475905456,0.12682049492354
50,0.5,2,1,25,31,19,15,0,NA,NA,NA,NA,NA,NA,NA,NA,0.618008952724439,0.231806109868254
50,0.5,2,-1,26,29,21,7,0,NA,NA,NA,NA,NA,NA,NA,NA,0.993836661349728,0.740780592726784
50,0.5,2,1,27,36,14,7,0,NA,NA,NA,NA,NA,NA,NA,NA,0.940283540568053,0.794349414750131
50,0.5,2,1,28,20,30,8,0,NA,NA,NA,NA,NA,NA,NA,NA,0.704659443328918,0.259926685852829
50,0.5,2,-1,29,15,35,8,0,NA,NA,NA,NA,NA,NA,NA,NA,0.999073815997962,0.956271538670636
50,0.5,2,-1,30,12,38,4,0,NA,NA,NA,NA,NA,NA,NA,NA,0.999752460976853,0.888527783179276
50,0.5,2,-1,31,21,29,14,0,NA,NA,NA,NA,NA,NA,NA,NA,0.435895183664522,8.37548842472485e-05
50,0.5,2,1,32,45,5,1,0,NA,NA,NA,NA,NA,NA,NA,NA,0.99995647081697,0.703184297805705
50,0.5,2,-1,33,41,9,7,0,NA,NA,NA,NA,NA,NA,NA,NA,0.975766947299443,0.424853643278032
50,0.5,2,-1,34,19,31,13,0,NA,NA,NA,NA,NA,NA,NA,NA,0.873279847245171,0.307033302451842
50,0.5,2,1,35,29,21,4,0,NA,NA,NA,NA,NA,NA,NA,NA,0.998070723686163,0.0102182962499976
50,0.5,2,-1,36,36,14,11,0,NA,NA,NA,NA,NA,NA,NA,NA,0.126584158671975,0.599236670995929
50,0.5,2,1,37,13,37,6,0,NA,NA,NA,NA,NA,NA,NA,NA,0.973110259348258,0.362128929525578
50,0.5,2,1,38,34,16,12,0,NA,NA,NA,NA,NA,NA,NA,NA,0.63183061100232,0.980703268920411
50,0.5,2,-1,39,4,46,5,0,NA,NA,NA,NA,NA,NA,NA,NA,0.99975852725302,0.515451098539867
50,0.5,2,1,40,10,40,11,0,NA,NA,NA,NA,NA,NA,NA,NA,0.510611895823232,0.557915414526346
50,0.5,2,1,41,28,22,12,0,NA,NA,NA,NA,NA,NA,NA,NA,0.0648289993750032,0.0134899489871286
50,0.5,2,1,42,42,8,6,0,NA,NA,NA,NA,NA,NA,NA,NA,0.0358088587051087,0.0606000740100381
50,0.5,2,1,43,46,4,4,0,NA,NA,NA,NA,NA,NA,NA,NA,0.333771144117885,0.779704066538648
50,0.5,2,1,44,19,31,7,0,NA,NA,NA,NA,NA,NA,NA,NA,0.999812843726836,0.122442972553608
50,0.5,2,1,45,28,22,4,0,NA,NA,NA,NA,NA,NA,NA,NA,0.999274033320332,0.494189019851213
50,0.5,2,-1,46,12,38,6,0,NA,NA,NA,NA,NA,NA,NA,NA,0.999281432612292,0.384151100568466
50,0.5,2,1,47,28,22,8,0,NA,NA,NA,NA,NA,NA,NA,NA,0.917292203617691,0.553350507674391
50,0.5,2,-1,48,46,4,6,0,NA,NA,NA,NA,NA,NA,NA,NA,0.206428367764823,0.559828924625852
50,0.5,2,-1,49,11,39,6,0,NA,NA,NA,NA,NA,NA,NA,NA,0.264040858867174,0.125145993033525
50,0.5,2,-1,50,27,23,7,0,NA,NA,NA,NA,NA,NA,NA,NA,0.999089661317989,0.768696727965444
100,0.5,2,1,1,70,30,10,0,NA,NA,NA,NA,NA,NA,NA,NA,0.998282823028232,0.714898765417869
100,0.5,2,-1,2,89,11,4,0,NA,NA,NA,NA,NA,NA,NA,NA,0.9999988744716,0.308771167443743
100,0.5,2,1,3,19,81,15,0,NA,NA,NA,NA,NA,NA,NA,NA,0.739771975739269,0.356315665470935
100,0.5,2,1,4,67,33,21,0,NA,NA,NA,NA,NA,NA,NA,NA,0.999134881722807,0.702816398180239
100,0.5,2,1,5,62,38,14,0,NA,NA,NA,NA,NA,NA,NA,NA,0.999756158259753,0.509140617501884
100,0.5,2,-1,6,45,55,19,0,NA,NA,NA,NA,NA,NA,NA,NA,0.999820564432935,0.68564829156988
100,0.5,2,1,7,68,32,11,0,NA,NA,NA,NA,NA,NA,NA,NA,0.998304381436531,0.313614161520065
100,0.5,2,1,8,19,81,16,0,NA,NA,NA,NA,NA,NA,NA,NA,0.190582097464641,0.429915573789026
100,0.5,2,-1,9,72,28,11,0,NA,NA,NA,NA,NA,NA,NA,NA,0.891573796895617,0.133324234107228
100,0.5,2,-1,10,33,67,9,0,NA,NA,NA,NA,NA,NA,NA,NA,0.728119817544798,0.204650915888363
100,0.5,2,1,11,49,51,20,0,NA,NA,NA,NA,NA,NA,NA,NA,0.829978026866532,0.161516703817652
100,0.5,2,1,12,64,36,13,0,NA,NA,NA,NA,NA,NA,NA,NA,0.998042510221297,0.313151165457153
100,0.5,2,1,13,62,38,21,0,NA,NA,NA,NA,NA,NA,NA,NA,0.527969249262046,0.0763230319986896
100,0.5,2,1,14,38,62,13,0,NA,NA,NA,NA,NA,NA,NA,NA,0.997023002668105,0.113224529442001
100,0.5,2,-1,15,69,31,13,0,NA,NA,NA,NA,NA,NA,NA,NA,0.800555888498485,0.447004180161355
100,0.5,2,1,16,33,67,17,0,NA,NA,NA,NA,NA,NA,NA,NA,0.998719697928539,0.811536202844854
100,0.5,2,1,17,38,62,11,0,NA,NA,NA,NA,NA,NA,NA,NA,0.993961317287981,0.559972804749688
100,0.5,2,1,18,34,66,11,0,NA,NA,NA,NA,NA,NA,NA,NA,0.998546417322609,0.698830214132393
100,0.5,2,-1,19,79,21,7,0,NA,NA,NA,NA,NA,NA,NA,NA,0.903400347783721,0.95467661599268
100,0.5,2,1,20,80,20,14,0,NA,NA,NA,NA,NA,NA,NA,NA,0.998924516686792,0.383222224059511
100,0.5,2,-1,21,41,59,12,0,NA,NA,NA,NA,NA,NA,NA,NA,0.246085960309718,0.772604920873739
100,0.5,2,1,22,31,69,20,0,NA,NA,NA,NA,NA,NA,NA,NA,0.826174020720594,0.415738249917011
100,0.5,2,-1,23,27,73,13,0,NA,NA,NA,NA,NA,NA,NA,NA,0.998273150296566,0.356470195380326
100,0.5,2,1,24,42,58,22,0,NA,NA,NA,NA,NA,NA,NA,NA,0.719637048303245,0.277908719087946
100,0.5,2,1,25,62,38,14,0,NA,NA,NA,NA,NA,NA,NA,NA,0.765348220787051,0.447586786960745
100,0.5,2,-1,26,67,33,18,0,NA,NA,NA,NA,NA,NA,NA,NA,0.344265238335045,0.626694584921901
100,0.5,2,-1,27,25,75,12,0,NA,NA,NA,NA,NA,NA,NA,NA,0.999906010311615,0.602220376817672
100,0.5,2,-1,28,48,52,11,0,NA,NA,NA,NA,NA,NA,NA,NA,0.90402774788583,0.600170093485955
100,0.5,2,1,29,89,11,5,0,NA,NA,NA,NA,NA,NA,NA,NA,0.122534059048301,0.208849457432197
100,0.5,2,-1,30,64,36,22,0,NA,NA,NA,NA,NA,NA,NA,NA,0.999926270020004,0.69346895640494
100,0.5,2,-1,31,89,11,8,0,NA,NA,NA,NA,NA,NA,NA,NA,0.775193847247549,0.164474400537682
100,0.5,2,-1,32,27,73,12,0,NA,NA,NA,NA,NA,NA,NA,NA,0.68496914541176,0.773680896885148
100,0.5,2,1,33,9,91,7,0,NA,NA,NA,NA,NA,NA,NA,NA,0.327846310929584,0.681471211113578
100,0.5,2,1,34,52,48,7,0,NA,NA,NA,NA,NA,NA,NA,NA,0.999530085962629,0.943499016318065
100,0.5,2,-1,35,44,56,16,0,NA,NA,NA,NA,NA,NA,NA,NA,0.998077594472512,0.688866756649334
100,0.5,2,-1,36,63,37,23,0,NA,NA,NA,NA,NA,NA,NA,NA,0.999077071052722,0.679827845805992
100,0.5,2,1,37,77,23,15,0,NA,NA,NA,NA,NA,NA,NA,NA,0.999033602774444,0.464652674038541
100,0.5,2,1,38,49,51,10,0,NA,NA,NA,NA,NA,NA,NA,NA,0.184735283480619,0.206690806938385
100,0.5,2,1,39,78,22,11,0,NA,NA,NA,NA,NA,NA,NA,NA,0.999233903011081,0.615941641521132
100,0.5,2,-1,40,44,56,14,0,NA,NA,NA,NA,NA,NA,NA,NA,0.923340189917678,0.355500671659347
100,0.5,2,-1,41,56,44,18,0,NA,NA,NA,NA,NA,NA,NA,NA,0.00479854323980701,0.00534846937739276
100,0.5,2,-1,42,49,51,12,0,NA,NA,NA,NA,NA,NA,NA,NA,0.999078505259,0.527115201259556
100,0.5,2,-1,43,33,67,18,0,NA,NA,NA,NA,NA,NA,NA,NA,0.997193120805435,0.856649783435245
100,0.5,2,1,44,55,45,13,0,NA,NA,NA,NA,NA,NA,NA,NA,0.999628064311804,0.0908214695926631
100,0.5,2,1,45,29,71,16,0,NA,NA,NA,NA,NA,NA,NA,NA,0.229667863670559,0.823276437290418
100,0.5,2,-1,46,21,79,18,0,NA,NA,NA,NA,NA,NA,NA,NA,0.975248398655574,0.826500626579249
100,0.5,2,-1,47,75,25,13,0,NA,NA,NA,NA,NA,NA,NA,NA,0.99589891204548,0.185859626422317
100,0.5,2,-1,48,69,31,21,0,NA,NA,NA,NA,NA,NA,NA,NA,0.618351604396731,0.325873094413935
100,0.5,2,-1,49,61,39,20,0,NA,NA,NA,NA,NA,NA,NA,NA,0.621988242805253,0.289047523148088
100,0.5,2,1,50,70,30,14,0,NA,NA,NA,NA,NA,NA,NA,NA,0.9962236370703,0.132981553090474
